[
{
  "model": "webapp.product",
  "pk": 1,
  "fields": {
    "name": "\u042f\u0431\u043b\u043e\u043a\u043e",
    "description": "\u044b\u0432\u0430\u0432\u044b\u0430\u044b\u0432",
    "category": "food",
    "amount": 10,
    "price": "13.00"
  }
},
{
  "model": "webapp.product",
  "pk": 2,
  "fields": {
    "name": "\u0425\u043b\u0435\u0431",
    "description": "\u0432\u044b\u043e\u0440\u0430\u043f\u0432\u043e\u044b\u0440\u0430\u043f\u043e\u0440\u044b\u0432\u0439",
    "category": "food",
    "amount": 92,
    "price": "25.00"
  }
},
{
  "model": "webapp.product",
  "pk": 3,
  "fields": {
    "name": "\u0412\u043e\u0434\u0430",
    "description": "\u0432\u0430\u0432\u044b\u043f\u0432\u043f",
    "category": "food",
    "amount": 18,
    "price": "50.00"
  }
},
{
  "model": "webapp.product",
  "pk": 4,
  "fields": {
    "name": "\u041b\u043e\u043f\u0430\u0442\u0430",
    "description": "\u0446\u0443\u043a\u0443\u0446\u043a",
    "category": "household",
    "amount": 5,
    "price": "100.00"
  }
},
{
  "model": "webapp.product",
  "pk": 5,
  "fields": {
    "name": "\u041a\u0430\u043c\u0430\u0437",
    "description": "\u0432\u043f\u0432\u0430\u044b\u0432\u043f",
    "category": "toys",
    "amount": 48,
    "price": "150.00"
  }
},
{
  "model": "webapp.product",
  "pk": 6,
  "fields": {
    "name": "\u041f\u0435\u0447\u044c",
    "description": "\u044b\u0432\u0430\u044b\u0432\u044b\u043f\u0432\u0430\u043f",
    "category": "appliances",
    "amount": 76,
    "price": "2500.00"
  }
},
{
  "model": "webapp.product",
  "pk": 8,
  "fields": {
    "name": "\u041f\u0435\u0447\u044c Postman",
    "description": "Postman Create",
    "category": "appliances",
    "amount": 5,
    "price": "2500.00"
  }
},
{
  "model": "webapp.cart",
  "pk": 22,
  "fields": {
    "product": 6,
    "qty": 1
  }
},
{
  "model": "webapp.cart",
  "pk": 23,
  "fields": {
    "product": 3,
    "qty": 1
  }
},
{
  "model": "webapp.cart",
  "pk": 24,
  "fields": {
    "product": 1,
    "qty": 1
  }
},
{
  "model": "webapp.order",
  "pk": 1,
  "fields": {
    "user": 2,
    "name": "joma",
    "phone": "joma",
    "address": "Molodaya-Gvardiya 44, 28",
    "created_at": "2020-09-21T07:15:31.892Z"
  }
},
{
  "model": "webapp.order",
  "pk": 2,
  "fields": {
    "user": 2,
    "name": "joma_gsm",
    "phone": "+996550002300",
    "address": "Chuy 155",
    "created_at": "2020-09-21T08:19:24.491Z"
  }
},
{
  "model": "webapp.order",
  "pk": 3,
  "fields": {
    "user": null,
    "name": "joma_gsm",
    "phone": "0550002300",
    "address": "Chuy 155",
    "created_at": "2020-09-21T09:04:44.287Z"
  }
},
{
  "model": "webapp.order",
  "pk": 4,
  "fields": {
    "user": null,
    "name": "joma",
    "phone": "joma",
    "address": "Molodaya-Gvardiya 44, 28",
    "created_at": "2020-10-22T09:56:59.452Z"
  }
},
{
  "model": "webapp.order",
  "pk": 5,
  "fields": {
    "user": null,
    "name": "joma",
    "phone": "joma",
    "address": "Molodaya-Gvardiya 44, 28",
    "created_at": "2020-10-22T09:57:36.427Z"
  }
},
{
  "model": "webapp.order",
  "pk": 6,
  "fields": {
    "user": null,
    "name": "joma",
    "phone": "joma",
    "address": "Molodaya-Gvardiya 44, 28",
    "created_at": "2020-10-22T10:09:29.249Z"
  }
},
{
  "model": "webapp.order",
  "pk": 7,
  "fields": {
    "user": null,
    "name": "joma",
    "phone": "joma",
    "address": "Molodaya-Gvardiya 44, 28",
    "created_at": "2020-10-22T10:12:00.397Z"
  }
},
{
  "model": "webapp.order",
  "pk": 8,
  "fields": {
    "user": null,
    "name": "joma",
    "phone": "joma",
    "address": "Molodaya-Gvardiya 44, 28",
    "created_at": "2020-10-22T10:15:08.727Z"
  }
},
{
  "model": "webapp.order",
  "pk": 9,
  "fields": {
    "user": null,
    "name": "joma",
    "phone": "joma",
    "address": "Molodaya-Gvardiya 44, 28",
    "created_at": "2020-10-22T10:17:32.181Z"
  }
},
{
  "model": "webapp.order",
  "pk": 10,
  "fields": {
    "user": null,
    "name": "joma",
    "phone": "joma",
    "address": "Molodaya-Gvardiya 44, 28",
    "created_at": "2020-10-22T10:56:44.758Z"
  }
},
{
  "model": "webapp.order",
  "pk": 11,
  "fields": {
    "user": null,
    "name": "joma",
    "phone": "joma",
    "address": "Molodaya-Gvardiya 44, 28",
    "created_at": "2020-10-22T11:23:36.109Z"
  }
},
{
  "model": "webapp.order",
  "pk": 12,
  "fields": {
    "user": null,
    "name": "joma",
    "phone": "joma",
    "address": "Molodaya-Gvardiya 44, 28",
    "created_at": "2020-10-22T11:24:39.159Z"
  }
},
{
  "model": "webapp.order",
  "pk": 13,
  "fields": {
    "user": null,
    "name": "joma",
    "phone": "joma",
    "address": "Molodaya-Gvardiya 44, 28",
    "created_at": "2020-10-22T11:28:22.477Z"
  }
},
{
  "model": "webapp.order",
  "pk": 14,
  "fields": {
    "user": null,
    "name": "joma",
    "phone": "joma",
    "address": "Molodaya-Gvardiya 44, 28",
    "created_at": "2020-10-22T11:32:24.669Z"
  }
},
{
  "model": "webapp.orderproduct",
  "pk": 1,
  "fields": {
    "product": 3,
    "order": 1,
    "qty": 3
  }
},
{
  "model": "webapp.orderproduct",
  "pk": 2,
  "fields": {
    "product": 2,
    "order": 1,
    "qty": 6
  }
},
{
  "model": "webapp.orderproduct",
  "pk": 3,
  "fields": {
    "product": 6,
    "order": 1,
    "qty": 2
  }
},
{
  "model": "webapp.orderproduct",
  "pk": 4,
  "fields": {
    "product": 4,
    "order": 1,
    "qty": 5
  }
},
{
  "model": "webapp.orderproduct",
  "pk": 5,
  "fields": {
    "product": 6,
    "order": 2,
    "qty": 10
  }
},
{
  "model": "webapp.orderproduct",
  "pk": 6,
  "fields": {
    "product": 5,
    "order": 2,
    "qty": 2
  }
},
{
  "model": "webapp.orderproduct",
  "pk": 7,
  "fields": {
    "product": 6,
    "order": 3,
    "qty": 1
  }
},
{
  "model": "webapp.orderproduct",
  "pk": 8,
  "fields": {
    "product": 3,
    "order": 3,
    "qty": 2
  }
},
{
  "model": "webapp.orderproduct",
  "pk": 9,
  "fields": {
    "product": 2,
    "order": 3,
    "qty": 2
  }
},
{
  "model": "webapp.orderproduct",
  "pk": 10,
  "fields": {
    "product": 3,
    "order": 8,
    "qty": 3
  }
},
{
  "model": "webapp.orderproduct",
  "pk": 11,
  "fields": {
    "product": 2,
    "order": 8,
    "qty": 6
  }
},
{
  "model": "webapp.orderproduct",
  "pk": 12,
  "fields": {
    "product": 6,
    "order": 8,
    "qty": 2
  }
},
{
  "model": "webapp.orderproduct",
  "pk": 13,
  "fields": {
    "product": 4,
    "order": 8,
    "qty": 5
  }
},
{
  "model": "webapp.orderproduct",
  "pk": 14,
  "fields": {
    "product": 3,
    "order": 9,
    "qty": 3
  }
},
{
  "model": "webapp.orderproduct",
  "pk": 15,
  "fields": {
    "product": 2,
    "order": 9,
    "qty": 6
  }
},
{
  "model": "webapp.orderproduct",
  "pk": 16,
  "fields": {
    "product": 6,
    "order": 9,
    "qty": 2
  }
},
{
  "model": "webapp.orderproduct",
  "pk": 17,
  "fields": {
    "product": 4,
    "order": 9,
    "qty": 5
  }
},
{
  "model": "webapp.orderproduct",
  "pk": 18,
  "fields": {
    "product": 3,
    "order": 10,
    "qty": 3
  }
},
{
  "model": "webapp.orderproduct",
  "pk": 19,
  "fields": {
    "product": 2,
    "order": 10,
    "qty": 6
  }
},
{
  "model": "webapp.orderproduct",
  "pk": 20,
  "fields": {
    "product": 6,
    "order": 10,
    "qty": 2
  }
},
{
  "model": "webapp.orderproduct",
  "pk": 21,
  "fields": {
    "product": 4,
    "order": 10,
    "qty": 5
  }
},
{
  "model": "webapp.orderproduct",
  "pk": 22,
  "fields": {
    "product": 6,
    "order": 14,
    "qty": 1
  }
},
{
  "model": "webapp.orderproduct",
  "pk": 23,
  "fields": {
    "product": 3,
    "order": 14,
    "qty": 1
  }
},
{
  "model": "webapp.orderproduct",
  "pk": 24,
  "fields": {
    "product": 1,
    "order": 14,
    "qty": 1
  }
}
]
